ZIP,BLOCK,LOT,ZIP CODE,RESIDENTIAL UNITS,COMMERCIAL UNITS,TOTAL UNITS,LAND SQUARE FEET,GROSS SQUARE FEET,YEAR BUILT,TAX CLASS AT TIME OF SALE,SALE PRICE,LAT,LNG,BOROUGH
10001,769.4264705882352,550.2745098039215,10001.0,7.303921568627451,1.7107843137254901,9.088235294117647,308.89974255882345,2461.706350637255,1324.9754901960785,2.519607843137255,12458058.171568627,40.750633, -73.997177,Manhattan
10002,328.0792682926829,359.3170731707317,10002.0,2.106707317073171,0.31097560975609756,2.4847560975609757,49.807904115853674,182.64701475914637,1730.283536585366,2.277439024390244,2262497.9451219514,40.715775, -73.986212,Manhattan
10003,672.1330049261084,531.5209359605911,10003.0,1.3916256157635467,0.19088669950738915,1.6194581280788178,30.834528582512338,173.94885418103445,1622.173645320197,2.1330049261083746,2103042.4298029556,40.731829, -73.989181,Manhattan
10004,18.894736842105264,1776.6421052631579,10004.0,1.2210526315789474,0.031578947368421054,1.2526315789473683,55.18438200000001,1284.8700043789474,1699.8631578947368,2.0631578947368423,9721584.778947368,40.688630, -74.018244,Manhattan
10005,32.22613065326633,1234.0954773869346,10005.0,4.9296482412060305,0.19095477386934673,5.135678391959799,54.84498259798995,1403.9263266884423,1864.070351758794,2.0603015075376883,9156857.748743718,40.706027, -74.008835,Manhattan
10006,23.32608695652174,1228.375,10006.0,0.9239130434782609,1.7282608695652173,2.6956521739130435,13.179603309782609,65.66525414130435,1915.554347826087,2.152173913043478,3848211.413043478,40.709614, -74.012954,Manhattan
10007,118.90095846645367,1149.6038338658147,10007.0,1.1277955271565496,0.06389776357827476,1.2268370607028753,7.654554207667731,37.2315450830671,1897.003194888179,2.1022364217252396,4254656.300319489,40.713848, -74.007755,Manhattan
10009,399.7950819672131,681.6188524590164,10009.0,2.6475409836065573,0.14754098360655737,2.8155737704918034,47.03671275,153.3973215,1834.4877049180327,2.0614754098360657,1396027.8196721312,40.726399, -73.978631,Manhattan
10010,873.0305010893246,830.2941176470588,10010.0,0.5904139433551199,2.616557734204793,3.2113289760348582,23.462763971677564,218.83372491067541,1853.5359477124182,2.0718954248366015,3371599.163398693,40.739065, -73.982255,Manhattan
10011,718.5190839694657,692.9837786259542,10011.0,0.8435114503816794,0.09637404580152671,0.9704198473282443,27.305858280534352,105.90569678816793,1766.828244274809,2.101145038167939,3061715.6622137404,40.742039, -74.000620,Manhattan
10012,514.9233449477352,514.2299651567944,10012.0,1.6341463414634145,0.17073170731707318,1.829268292682927,34.20934474912892,129.1782226097561,1826.8362369337979,2.097560975609756,2983154.6306620208,40.725581, -73.998078,Manhattan
10013,259.0527086383602,1070.3836017569547,10013.0,1.1083455344070279,0.4084919472913616,1.6471449487554906,34.46306836310394,222.40991802196197,1531.0190336749633,2.349926793557833,5117624.528550512,40.720103, -74.004903,Manhattan
10014,611.4798464491363,540.21113243762,10014.0,2.1900191938579656,0.16698656429942418,2.3666026871401153,52.53138615738963,320.0683100364683,1717.5412667946257,2.015355086372361,2678447.6103646834,40.734012, -74.006746,Manhattan
10016,915.7497467071935,856.8784194528876,10016.0,2.524822695035461,0.08308004052684904,2.6271529888551166,29.22368816210741,154.11817036170217,1529.9280648429585,2.088145896656535,2174266.574468085,40.745224, -73.978297,Manhattan
10017,1333.4003189792663,974.6411483253588,10017.0,0.49920255183413076,0.3843700159489633,1.1531100478468899,21.51556431259968,299.93889129186596,1861.0829346092503,2.5629984051036683,1620207.1467304626,40.752360, -73.972493,Manhattan
10018,790.6309523809524,526.3095238095239,10018.0,1.630952380952381,11.619047619047619,13.321428571428571,172.44013386904763,992.6320573928572,1775.3690476190477,2.7738095238095237,7023968.952380952,40.755319, -73.993114,Manhattan
10019,1053.5133744855966,1078.0637860082304,10019.0,2.0689300411522633,0.35288065843621397,2.522633744855967,68.27529402880648,968.7623765462962,1659.8590534979423,2.376543209876543,1986105.2067901234,40.765823, -73.987169,Manhattan
10021,1432.0337837837837,455.5824324324324,10021.0,1.1905405405405405,0.07297297297297298,1.2824324324324323,17.889979185135136,106.67775291891893,1805.7729729729729,2.031081081081081,2018799.3337837837,40.769258, -73.958751,Manhattan
10022,1344.7433102081268,560.0693756194252,10022.0,1.0991080277502479,0.07433102081268583,1.2140733399405352,13.194988229930624,89.28935873042614,1806.2041625371655,2.0941526263627352,2759909.639246779,40.758628, -73.967948,Manhattan
10023,1145.6742640075972,757.32383665717,10023.0,1.5251661918328585,0.017094017094017096,1.6020892687559354,26.84323224691358,261.2389128784426,1576.0398860398861,2.117758784425451,1728976.9439696106,40.775921, -73.982607,Manhattan
10024,1211.030048076923,471.37740384615387,10024.0,1.2043269230769231,0.051682692307692304,1.2608173076923077,24.16036311298077,158.18354852764423,1814.5913461538462,2.003605769230769,2141437.7391826925,40.798452, -73.974428,Manhattan
10025,1604.5645514223195,789.8282275711159,10025.0,3.140043763676149,0.01312910284463895,3.160831509846827,38.88783376477024,212.6470387352297,1815.851203501094,2.010940919037199,1261219.7910284463,40.798601, -73.966622,Manhattan
10026,1812.2278481012659,855.464135021097,10026.0,1.518987341772152,0.06751054852320675,1.620253164556962,31.76890604219409,87.37272352742616,1649.168776371308,2.042194092827004,1061699.9831223628,40.802381, -73.952681,Manhattan
10027,1914.918309859155,696.938028169014,10027.0,2.6338028169014085,0.12112676056338029,2.8,68.87043324225353,205.8455696478873,1851.9352112676056,2.1267605633802815,1162503.4253521126,40.811407, -73.953060,Manhattan
10028,1537.6284246575342,375.2174657534247,10028.0,1.9828767123287672,0.046232876712328765,2.0342465753424657,31.478368032534235,170.58852041609592,1858.3818493150684,2.0051369863013697,2200577.8339041094,40.776441, -73.953509,Manhattan
10029,1648.594249201278,427.45686900958464,10029.0,7.859424920127796,0.3610223642172524,8.23003194888179,181.09317624920115,533.3314873801918,1802.4345047923323,2.1118210862619806,1824572.0127795527,40.791763, -73.943970,Manhattan
10030,1995.3131313131314,344.989898989899,10030.0,3.6565656565656566,0.10101010101010101,3.757575757575758,126.06280210101012,247.91775519191918,1733.2626262626263,1.8282828282828283,897269.4747474748,40.818267, -73.942856,Manhattan
10031,2065.5409836065573,213.0,10031.0,3.808743169398907,0.12568306010928962,3.92896174863388,128.15841933333334,419.1955966666666,1782.6939890710382,1.8961748633879782,1507425.6557377048,40.825288, -73.950045,Manhattan
10032,2120.153846153846,219.5874125874126,10032.0,8.048951048951048,0.13286713286713286,8.188811188811188,181.09523319580416,684.7418863356643,1853.7342657342658,1.951048951048951,2292353.314685315,40.838815, -73.942836,Manhattan
10033,2150.2804232804233,390.2116402116402,10033.0,4.285714285714286,0.12698412698412698,4.4338624338624335,131.81903444444444,642.5078085449735,1728.2222222222222,2.0899470899470898,1900435.783068783,40.850545, -73.933983,Manhattan
10034,2236.6216216216217,245.6036036036036,10034.0,7.099099099099099,0.09009009009009009,7.1891891891891895,210.43366463963963,564.1815057927928,1728.8288288288288,2.054054054054054,1627012.8918918918,40.867076, -73.924312,Manhattan
10035,1734.948905109489,348.75182481751824,10035.0,6.291970802919708,0.45985401459854014,6.773722627737226,288.4529650145986,593.8380103722628,1819.5474452554745,2.2262773722627736,2805059.569343066,40.795455, -73.929655,Manhattan
10036,1083.405498281787,909.3230240549829,10036.0,1.3642611683848798,0.7800687285223368,2.2302405498281788,48.29072399656357,216.0559830103093,1885.7972508591065,2.29553264604811,2044261.3642611683,40.759260, -73.989860,Manhattan
10037,1756.1587301587301,603.7619047619048,10037.0,73.22222222222223,0.031746031746031744,73.26984126984127,1695.8454633968254,5434.623472841271,1265.2698412698412,2.015873015873016,2728411.301587302,40.812957, -73.937376,Manhattan
10038,94.8609865470852,608.4977578475336,10038.0,7.896860986547085,0.35874439461883406,8.295964125560538,169.44882291928255,1213.9347552286995,1886.1076233183855,2.125560538116592,1680154.461883408,40.709278, -74.002562,Manhattan
10039,2033.5520833333333,621.3854166666666,10039.0,6.145833333333333,0.20833333333333334,6.354166666666667,177.19795640625,396.45000414583325,1738.5520833333333,2.125,1137557.9895833333,40.830867, -73.936218,Manhattan
10040,2177.126050420168,433.3109243697479,10040.0,3.4285714285714284,0.13445378151260504,3.563025210084034,70.27214147899159,280.2313600840336,1945.453781512605,2.0,884069.8403361344,40.858305, -73.930549,Manhattan
10044,1373.0,1308.1764705882354,10044.0,0.9705882352941176,0.0,0.9705882352941176,32.48052826470588,52.501124764705885,1981.75,2.0,1470118.6764705882,40.761915, -73.949962,Manhattan
10065,1415.8636363636363,700.3215488215488,10065.0,0.6952861952861953,0.15656565656565657,0.8569023569023569,14.850872994949494,104.3948195757576,1776.9023569023568,2.006734006734007,2206713.1632996635,40.764612, -73.963122,Manhattan
10069,1171.0,2663.358024691358,10069.0,0.845679012345679,0.0,1.0,0.0,0.0,917.0864197530864,2.308641975308642,2196958.858024691,40.775906, -73.990358,Manhattan
10075,1479.279359430605,339.87010676156586,10075.0,3.2580071174377223,0.0711743772241993,3.3345195729537367,36.72379548398577,176.85689535943064,1792.491103202847,2.02135231316726,1648739.5195729537,40.773361, -73.956216,Manhattan
10128,1535.874055415617,633.7556675062972,10128.0,0.8639798488664987,0.03526448362720403,0.9282115869017632,11.346919686397982,39.49734773047857,1642.4496221662469,2.0604534005037785,1761718.9974811084,40.781432, -73.950013,Manhattan
10167,1301.0,1.0,10167.0,0.0,35.0,35.0,7556.358408,147426.470058,1966.0,4.0,2210000000.0,40.754648, -73.974771,Manhattan
10280,16.0,4162.905405405405,10280.0,0.9932432432432432,0.0,1.0,0.0,0.0,979.8716216216217,2.0135135135135136,806617.1959459459,40.708538, -74.016650,Manhattan
10282,16.0,4360.5,10282.0,1.0,0.0,1.0,0.0,0.0,2000.0,2.0,1750800.9,40.716921, -74.015066,Manhattan
10301,269.11690647482015,147.21762589928056,10301.0,1.6654676258992807,0.06474820143884892,1.7302158273381294,798.5953576420869,203.69183260071938,1886.4946043165467,1.3201438848920863,332364.3507194245,40.627456, -74.094407,Staten Island
10302,1075.3661202185792,86.44808743169399,10302.0,1.2049180327868851,0.1284153005464481,1.3278688524590163,370.02630316666705,132.36266083333336,1665.4562841530055,1.169398907103825,263135.68579234974,40.630688, -74.137776,Staten Island
10303,1341.4416873449131,215.575682382134,10303.0,1.501240694789082,0.07692307692307693,1.5781637717121588,523.7912635136478,188.30492933002475,1892.7543424317619,1.2084367245657568,273157.28784119105,40.629885, -74.174130,Staten Island
10304,1786.469055374593,175.46742671009773,10304.0,1.1970684039087949,0.0749185667752443,1.278501628664495,417.9864843208472,155.00895811563527,1889.3110749185669,1.228013029315961,392427.28664495115,40.609227, -74.092575,Staten Island
10305,3216.6089466089466,125.77489177489177,10305.0,1.1933621933621934,0.044733044733044736,1.2380952380952381,338.9665829076478,128.44905520346302,1918.089466089466,1.1616161616161615,356318.01154401153,40.596691, -74.074866,Staten Island
10306,3959.5768143261075,145.55136663524976,10306.0,1.1385485391140433,0.0235626767200754,1.1621112158341187,323.7702823459009,127.21152626107445,1906.2346842601319,1.1046182846371349,333401.73232799245,40.571768, -74.125950,Staten Island
10307,7921.82683982684,92.68398268398268,10307.0,1.3722943722943723,0.008658008658008658,1.380952380952381,478.93346516450214,181.3438407575757,1922.030303030303,1.0562770562770563,518529.9826839827,40.509183, -74.237785,Staten Island
10308,5151.066276803119,135.1578947368421,10308.0,1.2163742690058479,0.05263157894736842,1.2690058479532165,330.4130509005851,138.37621148927866,1951.9493177387915,1.0682261208576997,342520.1461988304,40.551884, -74.147646,Staten Island
10309,7028.551724137931,186.31855500821018,10309.0,1.2758620689655173,0.06732348111658457,1.341543513957307,1006.3667896223313,259.0806860361249,1952.9228243021346,1.1280788177339902,477942.7750410509,40.531346, -74.219857,Staten Island
10310,219.05945945945945,105.89189189189189,10310.0,1.335135135135135,0.11891891891891893,1.445945945945946,494.7029510378376,168.2975508378378,1869.7945945945946,1.3297297297297297,345671.6594594595,40.632648, -74.116148,Staten Island
10312,5836.501838235294,120.77573529411765,10312.0,1.213235294117647,0.01011029411764706,1.224264705882353,352.00323361856624,154.89628385661763,1954.5220588235295,1.0284926470588236,382878.12408088235,40.545237, -74.180443,Staten Island
10314,1656.8494368701838,457.77415530527566,10314.0,1.2062833432128037,0.1938352104327208,1.4137522228808537,1012.9038967569608,235.53724574273838,1960.8405453467694,1.2258446947243629,427661.8755186722,40.599263, -74.165748,Staten Island
10451,2420.135135135135,132.5472972972973,10451.0,6.871621621621622,0.7094594594594594,7.581081081081081,606.9434593986485,975.5336010067568,1822.831081081081,2.1013513513513513,1649486.0337837837,40.820479, -73.925084,Brooklyn
10452,2590.0813953488373,52.16279069767442,10452.0,13.593023255813954,0.313953488372093,13.906976744186046,544.899860883721,1507.8426966860463,1725.9302325581396,1.930232558139535,1612713.011627907,40.837393, -73.923437,Brooklyn
10453,2965.9411764705883,105.36134453781513,10453.0,10.285714285714286,0.226890756302521,10.512605042016807,451.79275388235277,1020.5800512689075,1849.4621848739496,1.4621848739495797,1196725.2016806724,40.852779, -73.912332,Brooklyn
10454,2376.2631578947367,83.16842105263157,10454.0,4.6,0.6947368421052632,5.3052631578947365,470.6436642210525,727.6906183999998,1808.6947368421052,2.168421052631579,1332737.105263158,40.805489, -73.916585,Brooklyn
10455,2516.382716049383,121.25925925925925,10455.0,1.9506172839506173,0.7654320987654321,2.7160493827160495,2008.6087380246943,1061.9684582469135,1674.1728395061727,1.9382716049382716,908367.4567901235,40.814710, -73.908593,Brooklyn
10456,2568.906779661017,64.9322033898305,10456.0,6.686440677966102,0.3050847457627119,6.991525423728813,383.5039776567797,741.5769400338988,1676.457627118644,1.7415254237288136,939084.5423728813,40.829881, -73.908120,Brooklyn
10457,3005.396226415094,60.283018867924525,10457.0,4.735849056603773,0.21226415094339623,4.94811320754717,302.2507078443396,502.34273520283,1791.5188679245282,1.5613207547169812,935932.533018868,40.847150, -73.898680,Brooklyn
10458,3180.457142857143,66.18095238095238,10458.0,6.104761904761904,0.24285714285714285,6.352380952380952,287.7878350761904,511.92340090000016,1877.0714285714287,1.5380952380952382,1018063.1523809524,40.862543, -73.888143,Brooklyn
10459,2798.0738636363635,152.2840909090909,10459.0,3.471590909090909,0.4090909090909091,3.914772727272727,328.14659244886343,409.5966584090909,1757.9261363636363,1.6079545454545454,624756.2045454546,40.825867, -73.892942,Brooklyn
10460,3456.682926829268,54.28780487804878,10460.0,3.3804878048780487,0.25365853658536586,3.6341463414634148,359.4439729268296,360.16091217560967,1806.2439024390244,1.697560975609756,614622.4731707317,40.841758, -73.879571,Brooklyn
10461,4521.161157024793,66.30165289256199,10461.0,2.309917355371901,0.20454545454545456,2.5082644628099175,577.0877149214879,862.5826648367763,1853.9793388429753,1.4049586776859504,454921.8037190083,40.847381, -73.840584,Brooklyn
10462,4028.7514204545455,1548.1704545454545,10462.0,1.5056818181818181,0.07670454545454546,1.5838068181818181,123.33836590767064,115.95231347869317,984.8011363636364,1.6747159090909092,229382.53551136365,40.843280, -73.860389,Brooklyn
10463,5255.269026548673,397.63362831858404,10463.0,1.9805309734513274,0.0584070796460177,2.0743362831858407,193.46729111327437,237.6766224265486,1928.474336283186,1.9309734513274337,574750.0513274337,40.880678, -73.906540,Manhattan
10464,5638.252873563219,329.86206896551727,10464.0,0.9655172413793104,0.05747126436781609,1.0459770114942528,805.6697659080461,132.04079141379307,1566.3908045977012,1.2528735632183907,397467.0229885057,40.867787, -73.799920,Brooklyn
10465,5495.673664122138,182.40267175572518,10465.0,1.4465648854961832,0.019083969465648856,1.467557251908397,281.5425415000006,155.69496754771023,1898.1469465648854,1.0916030534351144,351299.39122137404,40.822615, -73.822239,Brooklyn
10466,4944.482632541133,62.6691042047532,10466.0,1.9524680073126142,0.07678244972577697,2.036563071297989,273.1285358848263,214.75539003656314,1881.3912248628885,1.2541133455210238,348959.3912248629,40.890964, -73.846239,Brooklyn
10467,4364.206572769953,104.64788732394366,10467.0,9.422535211267606,0.22769953051643194,9.650234741784038,436.2498074553992,644.0136277793424,1912.1854460093896,1.516431924882629,612044.9014084507,40.869953, -73.865746,Brooklyn
10468,3244.035294117647,117.79411764705883,10468.0,4.370588235294117,0.2,4.623529411764705,376.3036014999999,988.7567922117651,1871.2,1.8941176470588235,1438123.9235294117,40.868093, -73.899730,Brooklyn
10469,4617.796661608498,49.080424886191196,10469.0,1.60546282245827,0.03793626707132018,1.644916540212443,268.1538658330811,186.7047202200304,1904.3626707132019,1.0652503793626706,314592.8588770865,40.868607, -73.848133,Brooklyn
10470,4089.7172413793105,46.10344827586207,10470.0,2.2620689655172415,0.12413793103448276,2.3793103448275863,327.2312758344826,316.4692641724137,1883.9724137931034,1.5586206896551724,489024.8275862069,40.889530, -73.872662,Brooklyn
10471,5896.73125,818.253125,10471.0,2.625,0.053125,2.678125,293.38360949374993,291.402743340625,1867.06875,1.775,616861.559375,40.898868, -73.903328,Brooklyn
10472,3783.0174825174827,47.17132867132867,10472.0,3.5174825174825175,0.17132867132867133,3.695804195804196,272.43414947202785,351.0775134790207,1902.5349650349651,1.4090909090909092,543956.2062937063,40.829556, -73.869336,Brooklyn
10473,3540.565,181.7125,10473.0,4.29,0.07,4.36,449.20551463000066,448.3361748075,1696.325,1.1975,579412.025,40.818690, -73.858474,Brooklyn
10474,2760.6521739130435,172.0144927536232,10474.0,2.1449275362318843,0.5942028985507246,2.739130434782609,821.1251851304346,639.4028778695651,1828.2173913043478,2.5072463768115942,700675.1014492754,40.810549, -73.884367,Brooklyn
10475,5339.472222222223,75.38888888888889,10475.0,1.2222222222222223,0.16666666666666666,1.3888888888888888,829.2908875833332,215.07818691666665,1802.6666666666667,1.6111111111111112,606778.9722222222,40.875169, -73.823817,Brooklyn
10803,5651.0,69.0,10803.0,1.0,0.0,1.0,273.13482,131.92226000000002,1955.0,1.0,736000.0,40.900458, -73.807138,Brooklyn
11001,8789.857142857143,35.285714285714285,11001.0,1.1285714285714286,0.0,1.1285714285714286,341.1411431857143,131.91827844285714,1920.8,1.0,339701.1285714286,40.723317, -73.704949,The Bronx
11004,8612.494023904383,58.05179282868526,11004.0,1.250996015936255,0.0199203187250996,1.2709163346613546,326.11284828286847,123.61984090438247,1951.402390438247,1.4302788844621515,313875.8964143426,40.746204, -73.711478,The Bronx
11005,8489.0,1.0,11005.0,22.216867469879517,0.26506024096385544,22.481927710843372,4732.792227710844,4198.057110783132,1972.0,2.0,366596.5,40.756596, -73.714178,The Bronx
11040,8650.309523809523,38.73809523809524,11040.0,0.6904761904761905,0.023809523809523808,0.7142857142857143,307.94911326190476,86.68513492857142,1950.595238095238,1.3571428571428572,332642.85714285716,40.745347, -73.680292,The Bronx
11101,234.2207505518764,691.60706401766,11101.0,1.5673289183222958,0.41501103752759383,2.143487858719647,352.9610562273729,518.5804443222959,1614.0971302428256,2.686534216335541,2462431.646799117,40.747155, -73.939750,The Bronx
11102,717.5508771929825,528.5263157894736,11102.0,5.610526315789474,0.11228070175438597,5.7894736842105265,189.85852665263155,204.95673104210533,1656.6666666666667,1.9894736842105263,800096.0596491228,40.772884, -73.926295,The Bronx
11103,689.968253968254,85.52777777777777,11103.0,3.257936507936508,0.2857142857142857,3.5515873015873014,233.01288986904763,324.08990352380965,1904.0396825396826,1.5753968253968254,648507.8492063492,40.762574, -73.913447,The Bronx
11104,174.08287292817678,167.28729281767957,11104.0,3.7624309392265194,0.1270718232044199,3.889502762430939,155.0633194198895,278.57246851933695,1872.7955801104972,1.718232044198895,815041.1767955801,40.744634, -73.920201,The Bronx
11105,828.2232415902141,201.1559633027523,11105.0,1.8654434250764527,0.1834862385321101,2.0642201834862384,213.00839614984696,203.02686373700297,1904.4709480122324,1.4954128440366972,722802.0856269114,40.778877, -73.906769,The Bronx
11106,535.8188235294118,506.97411764705885,11106.0,1.2823529411764707,0.17647058823529413,1.7505882352941176,113.20613091764704,141.26720882352947,1938.3364705882352,2.498823529411765,570480.0517647059,40.762211, -73.931528,The Bronx
11109,18.774193548387096,276.9032258064516,11109.0,0.25806451612903225,0.0,0.25806451612903225,0.0,0.0,1999.0645161290322,2.0,822032.2580645161,40.745115, -73.956928,The Bronx
11201,329.6948640483384,709.6555891238671,11201.0,1.1842900302114803,0.25,1.5007552870090635,95.40029438821752,483.1583305755286,1775.2590634441087,2.1986404833836857,2764771.495468278,40.693682, -73.989693,Queens
11203,4837.0680786686835,100.71104387291982,11203.0,2.0211800302571863,0.14674735249621784,2.1875945537065054,230.0267036066562,217.03096534341884,1879.3252647503782,1.4296520423600605,395291.5295007564,40.649591, -73.934371,Queens
11204,5869.71954674221,197.70963172804534,11204.0,2.123229461756374,0.12039660056657224,2.2577903682719547,194.88851836118997,198.600953822946,1834.4079320113315,1.341359773371105,592113.5609065156,40.618779, -73.984826,Queens
11205,1930.9651162790697,590.0542635658915,11205.0,2.624031007751938,0.15310077519379844,2.856589147286822,136.07840893798453,230.00370202713202,1708.1589147286822,2.0271317829457365,918836.6744186047,40.694696, -73.966286,Queens
11206,2373.228215767635,665.7427385892116,11206.0,2.578838174273859,0.27800829875518673,2.867219917012448,153.86914816390043,256.6830864626557,1677.1203319502074,1.9709543568464731,863434.8195020747,40.701954, -73.942358,Queens
11207,3828.370595382746,116.42891859052249,11207.0,2.3839611178614826,0.12150668286755771,2.5054678007290403,219.45223813608783,244.99999871931968,1769.7727825030377,1.3608748481166464,423586.70959902793,40.670747, -73.894209,Queens
11208,4171.629032258064,50.32795698924731,11208.0,2.1626344086021505,0.1196236559139785,2.278225806451613,349.97234395967706,214.28738759005384,1814.9166666666667,1.299731182795699,385539.1733870968,40.669769, -73.871372,Queens
11209,6014.976154992549,114.82563338301043,11209.0,1.226527570789866,0.11773472429210134,1.3621460506706409,136.43989336363617,155.55423563636356,1879.1535022354694,1.593144560357675,552296.697466468,40.621982, -74.030324,Queens
11210,7039.875451263538,41.288808664259925,11210.0,1.211191335740072,0.12815884476534295,1.339350180505415,237.4028840234652,174.59978524368228,1909.716606498195,1.2815884476534296,516723.702166065,40.628147, -73.946324,Queens
11211,2545.993410214168,590.6573311367381,11211.0,2.313014827018122,0.23064250411861614,2.627677100494234,141.4840755222405,233.40738507248759,1640.1004942339373,2.0049423393739705,1151620.0082372322,40.712597, -73.953098,Queens
11212,3917.782738095238,44.44940476190476,11212.0,2.669642857142857,0.24702380952380953,2.9166666666666665,228.82368346130946,274.6837563273806,1892.157738095238,1.5833333333333333,411274.3005952381,40.662936, -73.913029,Queens
11213,1350.6380697050938,129.72117962466487,11213.0,2.9812332439678286,0.13672922252010725,3.1340482573726542,206.70045756032178,326.35952156032187,1824.9973190348526,1.4048257372654156,526373.3243967828,40.671078, -73.936336,Queens
11214,6537.682255845943,312.21045392022006,11214.0,1.9105914718019257,0.12104539202200826,2.108665749656121,732.3655944800554,346.7400650674004,1745.6258596973864,1.6313617606602475,508477.94910591474,40.599148, -73.996090,Queens
11215,1009.6206896551724,434.916573971079,11215.0,1.4727474972191323,0.09232480533926585,1.6184649610678532,104.74322383203537,148.40928727808685,1721.4593993325918,1.8220244716351501,1238403.2747497219,40.662688, -73.986740,Queens
11216,1649.0785440613026,286.9176245210728,11216.0,3.0632183908045976,0.11494252873563218,3.203065134099617,159.9293109482757,301.17088088888875,1750.6168582375478,1.5478927203065134,993125.4137931034,40.680768, -73.949316,Queens
11217,867.7833655705996,503.53965183752416,11217.0,3.2050290135396517,0.15860735009671179,3.386847195357834,122.12791180851058,284.80969023210815,1609.8510638297873,1.8665377176015474,1480343.576402321,40.682306, -73.978099,Queens
11218,5136.59131736527,229.27844311377245,11218.0,2.1362275449101795,0.13023952095808383,2.2994011976047903,171.34414602544902,246.39391532185633,1834.2365269461077,1.723053892215569,755360.7065868264,40.643468, -73.976046,Queens
11219,5642.9561042524,430.5294924554184,11219.0,2.290809327846365,0.1728395061728395,2.482853223593964,175.98631857064458,248.40796651989027,1821.60219478738,1.4828532235939644,632255.1042524006,40.632667, -73.996669,Queens
11220,2698.6894824707847,214.3288814691152,11220.0,3.01669449081803,0.17863105175292154,3.2337228714524207,178.28830164774635,285.30712925876475,1867.1686143572622,1.6126878130217028,650656.0450751252,40.641221, -74.016862,Queens
11221,2452.8761528326745,110.20553359683794,11221.0,2.656126482213439,0.12384716732542819,2.7812911725955205,188.51915928590233,267.3840141383397,1838.957839262187,1.3741765480895916,681255.536231884,40.691340, -73.927879,Queens
11222,2620.7901785714284,577.8415178571429,11222.0,1.96875,0.15848214285714285,2.2098214285714284,187.3675169419642,227.8804829888393,1553.0535714285713,2.107142857142857,1064589.5379464286,40.727790, -73.947605,Queens
11223,6964.788580246914,131.75154320987653,11223.0,1.873456790123457,0.1111111111111111,2.0108024691358026,216.33194731018477,205.07577395216023,1899.601851851852,1.376543209876543,628073.561728395,40.597139, -73.973428,Queens
11224,7154.503048780488,448.6676829268293,11224.0,1.173780487804878,0.17073170731707318,1.4390243902439024,223.379598682927,194.70684382621963,1841.719512195122,1.9329268292682926,491156.7012195122,40.577372, -73.988706,Queens
11225,3277.890410958904,175.13013698630138,11225.0,3.2226027397260273,0.18835616438356165,3.4280821917808217,205.3964428835616,328.9784315068493,1821.7876712328766,1.4417808219178083,1004534.6198630137,40.663046, -73.954219,Queens
11226,5043.847727272727,140.27727272727273,11226.0,3.7295454545454545,0.2909090909090909,4.0204545454545455,254.14016822045406,389.6510177386366,1839.8636363636363,1.5772727272727274,966203.3795454545,40.646448, -73.956649,Queens
11228,6189.849889624724,89.68432671081678,11228.0,1.7924944812362031,0.07505518763796909,1.8785871964679912,206.497323346578,185.9097724459161,1884.7836644591612,1.141280353200883,569157.5342163355,40.616695, -74.013047,Queens
11229,7533.948689956332,283.6910480349345,11229.0,1.5993449781659388,0.14301310043668122,1.7663755458515285,177.7558941965064,184.2615383362443,1796.3591703056768,1.529475982532751,473939.22379912663,40.601293, -73.944493,Queens
11230,6444.681047765794,214.71648690292758,11230.0,1.1093990755007703,0.14329738058551617,1.2927580893682589,180.74500529275778,177.2224212804313,1834.2172573189523,1.6825885978428352,654183.9152542372,40.622164, -73.965105,Queens
11231,418.78980891719743,461.29723991507433,11231.0,1.6220806794055203,0.17197452229299362,1.8747346072186837,265.46312301061573,239.13409721656043,1617.9065817409767,1.9745222929936306,1494359.6390658175,40.677916, -74.005154,Queens
11232,776.5892857142857,206.70982142857142,11232.0,3.3660714285714284,0.17857142857142858,3.5625,347.6397080357145,779.2649723080349,1829.40625,1.8794642857142858,807079.4866071428,40.656546, -74.007355,Queens
11233,1567.736752136752,88.82905982905983,11233.0,2.8837606837606837,0.10085470085470086,2.9846153846153847,202.44548312991463,293.7718318752131,1811.791452991453,1.3658119658119658,593568.5794871795,40.678308, -73.919936,Queens
11234,8169.943347639485,106.69184549356223,11234.0,1.3570815450643776,0.07296137339055794,1.4446351931330472,252.54424565236081,174.5808455030044,1882.5648068669527,1.230901287553648,384887.2686695279,40.605080, -73.911721,Queens
11235,8223.578506097561,586.000762195122,11235.0,1.2477134146341464,0.08536585365853659,1.4580792682926829,115.85818417454263,98.53361574009142,1771.1692073170732,2.0236280487804876,451018.31402439025,40.583949, -73.949096,Queens
11236,7864.111253196931,166.67519181585678,11236.0,1.6521739130434783,0.0959079283887468,1.7774936061381075,228.79727905626578,178.1191677634267,1761.7391304347825,1.2685421994884911,305297.226342711,40.639413, -73.900664,Queens
11237,3290.200772200772,236.2007722007722,11237.0,3.0617760617760617,0.20077220077220076,3.2664092664092665,322.02116773745195,368.6430496872583,1757.4478764478765,1.7992277992277992,958916.6100386101,40.704160, -73.921139,Queens
11238,1504.7354312354312,615.4545454545455,11238.0,3.4557109557109555,0.08508158508158509,3.562937062937063,86.64796444755244,173.28802456060598,1796.86013986014,1.8986013986013985,1020715.6573426573,40.679171, -73.963804,Queens
11239,4584.793650793651,398.4761904761905,11239.0,0.9206349206349206,0.031746031746031744,0.9523809523809523,460.0615546031745,133.06069041269848,1886.8095238095239,1.2857142857142858,451874.71428571426,40.647735, -73.879477,Queens
11354,4909.372832369942,1086.5693641618498,11354.0,0.976878612716763,0.06358381502890173,1.176300578034682,108.73497345303474,90.52820062572252,1816.2644508670521,2.1921965317919074,804376.9841040462,40.768208, -73.827403,The Bronx
11355,5323.198497854078,429.2070815450644,11355.0,1.8025751072961373,0.0815450643776824,1.9656652360515021,160.19985982832605,163.77592755901293,1781.4763948497855,1.8015021459227467,639397.0246781115,40.751452, -73.821031,The Bronx
11356,4043.120822622108,275.80462724935734,11356.0,1.506426735218509,0.056555269922879174,1.5989717223650386,237.6597258611827,154.8119829537275,1751.6580976863754,1.352185089974293,568601.6426735219,40.784850, -73.841279,The Bronx
11357,4786.190594059406,49.931930693069305,11357.0,0.8341584158415841,0.01608910891089109,0.849009900990099,284.04068937252475,121.20748565965347,1926.7128712871288,1.36509900990099,472416.55693069304,40.786393, -73.810864,The Bronx
11358,5390.176125244619,80.54598825831702,11358.0,1.3209393346379648,0.07827788649706457,1.4050880626223092,311.8913699510761,161.0019898375733,1876.1174168297457,1.2309197651663406,604870.0763209393,40.760471, -73.796371,The Bronx
11360,5900.852348993289,521.1163310961969,11360.0,1.6644295302013423,0.008948545861297539,1.6733780760626398,321.32341904697967,142.55788688814317,1912.6286353467563,1.5794183445190157,459823.8277404922,40.780379, -73.781230,The Bronx
11361,6532.0242825607065,51.77924944812362,11361.0,1.0662251655629138,0.10375275938189846,1.17439293598234,291.0292093200881,144.94980364017658,1905.9426048565122,1.3399558498896247,558609.1214128035,40.764191, -73.772775,The Bronx
11362,8289.701421800948,420.3530805687204,11362.0,0.8151658767772512,0.06635071090047394,0.8957345971563981,245.57609169194325,100.32379223696685,1747.0592417061612,1.528436018957346,421191.40047393367,40.756574, -73.737845,The Bronx
11363,8099.937984496124,97.5891472868217,11363.0,1.434108527131783,0.031007751937984496,1.4651162790697674,462.7174349767439,193.00274169767437,1827.3488372093022,1.2868217054263567,575570.503875969,40.772616, -73.746526,The Bronx
11364,7634.150250417362,149.97495826377295,11364.0,1.1318864774624373,0.03171953255425709,1.1752921535893155,297.75551087145226,114.24773566944906,1834.7395659432386,1.5091819699499165,409503.86644407344,40.745289, -73.760586,The Bronx
11365,6589.550515463918,265.5278350515464,11365.0,1.1731958762886598,0.018556701030927835,1.2288659793814434,247.3618038268034,120.50879123298974,1916.2927835051546,1.3195876288659794,474134.8474226804,40.739634, -73.794490,The Bronx
11366,6994.526748971193,187.27572016460906,11366.0,1.131687242798354,0.11522633744855967,1.3127572016460904,282.0213933827163,131.0349025390946,1957.1687242798355,1.2962962962962963,470501.4526748971,40.728152, -73.785019,The Bronx
11367,6579.876480541455,203.5363790186125,11367.0,0.8747884940778342,0.01015228426395939,0.8984771573604061,104.81879222673449,79.31589695093062,1934.502538071066,1.6632825719120135,319723.1556683587,40.730145, -73.827030,The Bronx
11368,1846.800608828006,176.5007610350076,11368.0,1.908675799086758,0.1248097412480974,2.050228310502283,180.66239783105058,188.88410122374435,1845.835616438356,1.517503805175038,458372.51598173514,40.751718, -73.851822,The Bronx
11369,2298.089861751152,39.20046082949309,11369.0,2.193548387096774,2.4331797235023043,4.626728110599078,344.2028321912441,317.2887902788016,1913.0,1.2534562211981566,694675.0437788018,40.763365, -73.872374,The Bronx
11370,1105.1887550200804,282.2289156626506,11370.0,1.7791164658634537,0.020080321285140562,1.8032128514056225,177.61150767469883,152.44001813654617,1533.140562248996,1.2730923694779117,390247.140562249,40.765393, -73.893243,The Bronx
11372,1356.23801369863,97.50513698630137,11372.0,1.9006849315068493,0.11986301369863013,2.017123287671233,87.61961911643837,184.05022874828768,1850.2671232876712,1.9160958904109588,576025.7260273972,40.751690, -73.883638,The Bronx
11373,1916.7503875968991,279.31472868217054,11373.0,2.621705426356589,0.10542635658914729,2.7689922480620157,148.4404133999999,230.07492766046522,1839.8527131782946,1.6713178294573643,712909.7519379845,40.738837, -73.878535,The Bronx
11374,2570.4187116564417,318.5920245398773,11374.0,2.6134969325153374,0.0598159509202454,2.71319018404908,134.06871826993867,297.51074333742326,1788.2791411042945,1.861963190184049,560427.0214723926,40.726418, -73.861526,The Bronx
11375,2645.4055944055945,135.58216783216784,11375.0,1.4143356643356644,0.04195804195804196,1.4702797202797202,113.72983861888113,146.91724272814682,1919.0961538461538,1.777097902097902,440322.7517482517,40.720934, -73.846151,The Bronx
11377,1407.8484419263457,216.54249291784703,11377.0,1.6713881019830028,0.10623229461756374,1.8512747875354107,137.53446969830034,170.4150258031162,1896.9206798866855,1.8243626062322946,525588.8441926346,40.744819, -73.905156,The Bronx
11378,2622.2725118483413,83.98104265402844,11378.0,1.6161137440758293,0.1018957345971564,1.7322274881516588,331.5340420687203,225.43243173933652,1914.1042654028436,1.3483412322274881,582537.0616113744,40.724744, -73.909639,The Bronx
11379,3097.0958605664487,136.73202614379085,11379.0,1.5206971677559913,0.015250544662309368,1.5838779956427016,198.0256793442267,152.20952251851853,1911.3071895424837,1.2156862745098038,420165.95206971676,40.716748, -73.879601,The Bronx
11385,3594.190012180268,148.7332521315469,11385.0,2.577344701583435,0.15468940316686966,2.7880633373934227,223.15085599147443,267.3182548282582,1890.121802679659,1.5456760048721072,429443.75883069425,40.700671, -73.889433,The Bronx
11411,11906.50553505535,62.011070110701105,11411.0,1.1586715867158672,0.014760147601476014,1.1734317343173433,323.5345260922511,123.78587696678963,1943.018450184502,1.022140221402214,258875.64206642067,40.694021, -73.736216,The Bronx
11412,11306.925714285715,57.91047619047619,11412.0,1.2476190476190476,0.07238095238095238,1.318095238095238,324.50681679619066,156.67940535619036,1901.9542857142858,1.1123809523809525,308289.4914285714,40.698095, -73.758986,The Bronx
11413,13120.968518518519,55.37777777777778,11413.0,1.3777777777777778,0.014814814814814815,1.3888888888888888,346.2434595092586,145.90106473333321,1918.1185185185186,1.0333333333333334,333917.27777777775,40.671659, -73.752568,The Bronx
11414,12931.321858864028,478.8364888123924,11414.0,0.9345955249569707,0.008605851979345954,0.9604130808950087,222.00666932702205,106.09586560757326,1799.2289156626507,1.3975903614457832,286993.56282271945,40.657604, -73.844804,The Bronx
11415,5992.680412371134,324.20274914089345,11415.0,0.7079037800687286,0.037800687285223365,0.7766323024054983,86.84898079381443,66.71552790034366,1915.1786941580756,1.8453608247422681,299853.116838488,40.707917, -73.828212,The Bronx
11416,9110.323651452281,55.54356846473029,11416.0,1.8506224066390042,0.1037344398340249,1.95850622406639,227.0506916141078,178.78469194190868,1872.6721991701245,1.161825726141079,381266.3070539419,40.684654, -73.849548,The Bronx
11417,10534.656565656565,111.33080808080808,11417.0,2.080808080808081,0.06565656565656566,2.159090909090909,251.41545930050503,176.23722560353502,1802.9318181818182,1.2651515151515151,393813.94696969696,40.676446, -73.844443,The Bronx
11418,8384.937837837839,127.79729729729729,11418.0,1.4216216216216215,0.13513513513513514,1.5675675675675675,264.0416250135135,212.18015734324317,1881.6783783783783,1.427027027027027,430396.67297297297,40.700272, -73.835971,The Bronx
11419,9504.198019801981,37.257425742574256,11419.0,1.6683168316831682,0.12376237623762376,1.7920792079207921,239.52532008663377,167.95597631435638,1906.9653465346535,1.150990099009901,317710.35148514854,40.688673, -73.822918,The Bronx
11420,11620.63028169014,54.875,11420.0,1.4119718309859155,0.04225352112676056,1.454225352112676,263.80150329401374,137.8528407693662,1893.5669014084508,1.0669014084507042,337193.04225352115,40.673583, -73.817730,The Bronx
11421,8310.477272727272,156.47727272727272,11421.0,1.5477272727272726,0.056818181818181816,1.6045454545454545,198.53751157727268,157.14690250227255,1919.365909090909,1.134090909090909,394381.99318181816,40.694062, -73.858626,The Bronx
11422,13465.631578947368,43.03508771929825,11422.0,1.4064327485380117,0.05555555555555555,1.4619883040935673,330.44890819882994,146.51292063157894,1905.5994152046783,1.1432748538011697,311580.3391812866,40.660060, -73.736012,The Bronx
11423,10347.66862170088,51.24633431085044,11423.0,2.897360703812317,0.15249266862170088,3.0498533724340176,510.0933207771259,405.04754450146606,1898.16715542522,1.2639296187683284,708330.413489736,40.715606, -73.768471,The Bronx
11426,8412.902912621359,101.64724919093851,11426.0,0.9838187702265372,0.045307443365695796,1.029126213592233,279.43268129773486,114.93363859223294,1925.6181229773463,1.233009708737864,338907.40129449836,40.736425, -73.722376,The Bronx
11427,9089.34328358209,53.514925373134325,11427.0,0.9888059701492538,0.04477611940298507,1.0335820895522387,267.4847229962685,123.90452310820902,1947.3768656716418,1.2761194029850746,352446.8358208955,40.730904, -73.745661,The Bronx
11428,10554.196261682244,37.35514018691589,11428.0,1.1495327102803738,0.07476635514018691,1.2242990654205608,295.8934502429908,139.27158190186918,1918.7570093457944,1.1261682242990654,329043.54672897194,40.721016, -73.742245,The Bronx
11429,11057.534013605442,50.1530612244898,11429.0,1.3027210884353742,0.07482993197278912,1.3775510204081634,314.2573533605447,168.93494159863943,1933.9795918367347,1.0748299319727892,314960.79591836734,40.709766, -73.738653,The Bronx
11430,12129.0,69.0,11430.0,2.0,0.0,2.0,353.0314,218.507856,1997.0,1.0,0.0,40.646964, -73.784813,The Bronx
11432,9174.870544090056,138.08255159474672,11432.0,1.3095684803001877,4.461538461538462,5.803001876172608,338.81811251031826,279.39644733958716,1830.1144465290806,1.5403377110694183,467613.6041275797,40.715359, -73.793071,The Bronx
11433,10578.859728506788,64.0,11433.0,1.3687782805429864,0.049773755656108594,1.418552036199095,296.7189401696828,151.14729574208152,1818.1628959276018,1.2013574660633484,303862.1742081448,40.698162, -73.786893,The Bronx
11434,12529.842553191489,78.94751773049646,11434.0,1.2794326241134752,0.08794326241134752,1.3659574468085107,312.3128716524818,150.9718554283688,1915.4141843971631,1.099290780141844,348069.3290780142,40.676808, -73.776425,The Bronx
11435,9901.672380952381,127.29904761904761,11435.0,1.0552380952380953,0.14857142857142858,1.2095238095238094,213.30900412000008,128.42079016952383,1885.8419047619047,1.5809523809523809,339874.540952381,40.701265, -73.809605,The Bronx
11436,12035.47435897436,69.96794871794872,11436.0,2.407051282051282,0.028846153846153848,2.4358974358974357,288.6987523942308,191.0850938685897,1911.1442307692307,1.0320512820512822,493854.2628205128,40.675807, -73.796622,The Bronx
11691,15698.602298850576,93.03218390804598,11691.0,1.439080459770115,0.041379310344827586,1.4850574712643678,389.97646704367895,199.34805384827584,1682.5379310344827,1.181609195402299,314316.6827586207,40.601278, -73.761651,The Bronx
11692,16028.388535031847,52.732484076433124,11692.0,1.7388535031847134,0.01910828025477707,1.7579617834394905,322.6899902866242,189.51975304458608,1882.4458598726114,1.1210191082802548,307633.2611464968,40.594095, -73.792896,The Bronx
11693,15544.75352112676,195.43661971830986,11693.0,1.1830985915492958,0.09154929577464789,1.3028169014084507,285.826547443662,126.72034624647887,1870.0070422535211,1.3873239436619718,310607.08450704225,40.590692, -73.809749,The Bronx
11694,16235.92673992674,235.57875457875457,11694.0,1.9377289377289377,0.0989010989010989,2.098901098901099,357.0588981868133,166.32631675457878,1743.3296703296703,1.4945054945054945,415242.4578754579,40.578270, -73.844762,The Bronx
